transaction_id,timestamp,amount,payment_method,route,status,failure_code,recoverable,ground_truth_action,attempt_count
TXN_0001,2026-08-27T09:01:00,14728,UPI,ROUTE_B,success,,0,,0
TXN_0002,2026-08-27T09:02:00,35841,UPI,ROUTE_A,success,,0,,0
TXN_0003,2026-08-27T09:03:00,14428,UPI,ROUTE_A,failed,insufficient_funds,1,PAYMENT_LINK,0
TXN_0004,2026-08-27T09:04:00,46062,CARD,ROUTE_B,success,,0,,0
TXN_0005,2026-08-27T09:05:00,525,UPI,ROUTE_B,success,,0,,0
TXN_0006,2026-08-27T09:06:00,18310,UPI,ROUTE_C,success,,0,,0
TXN_0007,2026-08-27T09:07:00,6178,NETBANKING,ROUTE_A,success,,0,,0
TXN_0008,2026-08-27T09:08:00,17435,UPI,ROUTE_A,success,,0,,0
TXN_0009,2026-08-27T09:09:00,24907,CARD,ROUTE_C,success,,0,,0
TXN_0010,2026-08-27T09:10:00,23800,UPI,ROUTE_A,success,,0,,0
TXN_0011,2026-08-27T09:11:00,15035,CARD,ROUTE_B,failed,mandate_cancelled,1,PAYMENT_LINK,0
TXN_0012,2026-08-27T09:12:00,25011,NETBANKING,ROUTE_C,success,,0,,0
TXN_0013,2026-08-27T09:13:00,24360,CARD,ROUTE_A,success,,0,,0
TXN_0014,2026-08-27T09:14:00,44896,CARD,ROUTE_A,success,,0,,0
TXN_0015,2026-08-27T09:15:00,47884,CARD,ROUTE_B,success,,0,,0
TXN_0016,2026-08-27T09:16:00,42043,UPI,ROUTE_A,success,,0,,0
TXN_0017,2026-08-27T09:17:00,3765,UPI,ROUTE_B,success,,0,,0
TXN_0018,2026-08-27T09:18:00,17646,UPI,ROUTE_A,success,,0,,0
TXN_0019,2026-08-27T09:19:00,47149,NETBANKING,ROUTE_A,success,,0,,0
TXN_0020,2026-08-27T09:20:00,42229,CARD,ROUTE_A,success,,0,,0
TXN_0021,2026-08-27T09:21:00,36889,UPI,ROUTE_B,success,,0,,0
TXN_0022,2026-08-27T09:22:00,38342,CARD,ROUTE_B,success,,0,,0
TXN_0023,2026-08-27T09:23:00,33492,UPI,ROUTE_A,success,,0,,0
TXN_0024,2026-08-27T09:24:00,10116,CARD,ROUTE_B,success,,0,,0
TXN_0025,2026-08-27T09:25:00,4263,CARD,ROUTE_B,success,,0,,0
TXN_0026,2026-08-27T09:26:00,16576,CARD,ROUTE_A,success,,0,,0
TXN_0027,2026-08-27T09:27:00,47333,NETBANKING,ROUTE_C,failed,bank_technical_error,1,RETRY,0
TXN_0028,2026-08-27T09:28:00,22393,CARD,ROUTE_C,success,,0,,0
TXN_0029,2026-08-27T09:29:00,47423,UPI,ROUTE_A,success,,0,,0
TXN_0030,2026-08-27T09:30:00,11808,UPI,ROUTE_C,success,,0,,0
TXN_0031,2026-08-27T09:31:00,41974,UPI,ROUTE_B,success,,0,,0
TXN_0032,2026-08-27T09:32:00,10687,UPI,ROUTE_B,success,,0,,0
TXN_0033,2026-08-27T09:33:00,137,CARD,ROUTE_B,success,,0,,0
TXN_0034,2026-08-27T09:34:00,23888,UPI,ROUTE_B,success,,0,,0
TXN_0035,2026-08-27T09:35:00,3896,NETBANKING,ROUTE_C,success,,0,,0
TXN_0036,2026-08-27T09:36:00,48066,CARD,ROUTE_A,success,,0,,0
TXN_0037,2026-08-27T09:37:00,8341,UPI,ROUTE_B,success,,0,,0
TXN_0038,2026-08-27T09:38:00,17470,UPI,ROUTE_A,success,,0,,0
TXN_0039,2026-08-27T09:39:00,35443,CARD,ROUTE_B,success,,0,,0
TXN_0040,2026-08-27T09:40:00,26248,CARD,ROUTE_C,success,,0,,0
TXN_0041,2026-08-27T09:41:00,34019,CARD,ROUTE_C,success,,0,,0
TXN_0042,2026-08-27T09:42:00,1478,UPI,ROUTE_B,success,,0,,0
TXN_0043,2026-08-27T09:43:00,4752,UPI,ROUTE_B,success,,0,,0
TXN_0044,2026-08-27T09:44:00,2158,UPI,ROUTE_B,success,,0,,0
TXN_0045,2026-08-27T09:45:00,43942,UPI,ROUTE_C,success,,0,,0
TXN_0046,2026-08-27T09:46:00,37523,CARD,ROUTE_B,success,,0,,0
TXN_0047,2026-08-27T09:47:00,26777,UPI,ROUTE_B,success,,0,,0
TXN_0048,2026-08-27T09:48:00,27859,UPI,ROUTE_A,success,,0,,0
TXN_0049,2026-08-27T09:49:00,42924,NETBANKING,ROUTE_B,success,,0,,0
TXN_0050,2026-08-27T09:50:00,22336,UPI,ROUTE_C,success,,0,,0
TXN_0051,2026-08-27T09:51:00,35246,UPI,ROUTE_C,success,,0,,0
TXN_0052,2026-08-27T09:52:00,16471,UPI,ROUTE_B,success,,0,,0
TXN_0053,2026-08-27T09:53:00,36166,UPI,ROUTE_C,success,,0,,0
TXN_0054,2026-08-27T09:54:00,1067,CARD,ROUTE_A,success,,0,,0
TXN_0055,2026-08-27T09:55:00,10999,NETBANKING,ROUTE_C,success,,0,,0
TXN_0056,2026-08-27T09:56:00,3942,UPI,ROUTE_B,success,,0,,0
TXN_0057,2026-08-27T09:57:00,29919,UPI,ROUTE_A,success,,0,,0
TXN_0058,2026-08-27T09:58:00,36522,CARD,ROUTE_A,success,,0,,0
TXN_0059,2026-08-27T09:59:00,14367,UPI,ROUTE_B,success,,0,,0
TXN_0060,2026-08-27T10:00:00,49119,CARD,ROUTE_C,success,,0,,0
TXN_0061,2026-08-27T10:01:00,34907,UPI,ROUTE_A,success,,0,,0
TXN_0062,2026-08-27T10:02:00,12278,NETBANKING,ROUTE_A,success,,0,,0
TXN_0063,2026-08-27T10:03:00,26561,UPI,ROUTE_A,success,,0,,0
TXN_0064,2026-08-27T10:04:00,39062,NETBANKING,ROUTE_A,success,,0,,0
TXN_0065,2026-08-27T10:05:00,37142,UPI,ROUTE_A,success,,0,,0
TXN_0066,2026-08-27T10:06:00,47036,NETBANKING,ROUTE_B,success,,0,,0
TXN_0067,2026-08-27T10:07:00,42403,UPI,ROUTE_A,success,,0,,0
TXN_0068,2026-08-27T10:08:00,4854,UPI,ROUTE_A,success,,0,,0
TXN_0069,2026-08-27T10:09:00,6652,CARD,ROUTE_A,success,,0,,0
TXN_0070,2026-08-27T10:10:00,22972,UPI,ROUTE_A,success,,0,,0
TXN_0071,2026-08-27T10:11:00,10438,NETBANKING,ROUTE_C,success,,0,,0
TXN_0072,2026-08-27T10:12:00,42958,CARD,ROUTE_B,success,,0,,0
TXN_0073,2026-08-27T10:13:00,43575,CARD,ROUTE_B,success,,0,,0
TXN_0074,2026-08-27T10:14:00,7114,NETBANKING,ROUTE_A,success,,0,,0
TXN_0075,2026-08-27T10:15:00,13903,UPI,ROUTE_B,success,,0,,0
TXN_0076,2026-08-27T10:16:00,17400,UPI,ROUTE_B,success,,0,,0
TXN_0077,2026-08-27T10:17:00,3429,UPI,ROUTE_B,success,,0,,0
TXN_0078,2026-08-27T10:18:00,332,UPI,ROUTE_A,success,,0,,0
TXN_0079,2026-08-27T10:19:00,10689,UPI,ROUTE_A,success,,0,,0
TXN_0080,2026-08-27T10:20:00,733,CARD,ROUTE_B,success,,0,,0
TXN_0081,2026-08-27T10:21:00,9868,NETBANKING,ROUTE_A,success,,0,,0
TXN_0082,2026-08-27T10:22:00,9805,NETBANKING,ROUTE_B,success,,0,,0
TXN_0083,2026-08-27T10:23:00,2714,UPI,ROUTE_B,success,,0,,0
TXN_0084,2026-08-27T10:24:00,6836,UPI,ROUTE_C,success,,0,,0
TXN_0085,2026-08-27T10:25:00,40775,CARD,ROUTE_A,success,,0,,0
TXN_0086,2026-08-27T10:26:00,10749,NETBANKING,ROUTE_B,success,,0,,0
TXN_0087,2026-08-27T10:27:00,1724,NETBANKING,ROUTE_C,success,,0,,0
TXN_0088,2026-08-27T10:28:00,27082,NETBANKING,ROUTE_A,success,,0,,0
TXN_0089,2026-08-27T10:29:00,17585,NETBANKING,ROUTE_C,success,,0,,0
TXN_0090,2026-08-27T10:30:00,2637,CARD,ROUTE_A,success,,0,,0
TXN_0091,2026-08-27T10:31:00,30266,UPI,ROUTE_C,success,,0,,0
TXN_0092,2026-08-27T10:32:00,14709,NETBANKING,ROUTE_A,success,,0,,0
TXN_0093,2026-08-27T10:33:00,4649,UPI,ROUTE_A,success,,0,,0
TXN_0094,2026-08-27T10:34:00,26293,UPI,ROUTE_C,success,,0,,0
TXN_0095,2026-08-27T10:35:00,1908,NETBANKING,ROUTE_B,success,,0,,0
TXN_0096,2026-08-27T10:36:00,17497,NETBANKING,ROUTE_A,success,,0,,0
TXN_0097,2026-08-27T10:37:00,20657,CARD,ROUTE_A,success,,0,,0
TXN_0098,2026-08-27T10:38:00,37887,NETBANKING,ROUTE_B,success,,0,,0
TXN_0099,2026-08-27T10:39:00,34173,UPI,ROUTE_A,success,,0,,0
TXN_0100,2026-08-27T10:40:00,48724,CARD,ROUTE_C,success,,0,,0
TXN_0101,2026-08-27T10:41:00,43631,UPI,ROUTE_B,success,,0,,0
TXN_0102,2026-08-27T10:42:00,8267,CARD,ROUTE_C,success,,0,,0
TXN_0103,2026-08-27T10:43:00,26864,UPI,ROUTE_B,success,,0,,0
TXN_0104,2026-08-27T10:44:00,12672,CARD,ROUTE_A,success,,0,,0
TXN_0105,2026-08-27T10:45:00,11505,NETBANKING,ROUTE_B,success,,0,,0
TXN_0106,2026-08-27T10:46:00,126,UPI,ROUTE_B,success,,0,,0
TXN_0107,2026-08-27T10:47:00,39858,UPI,ROUTE_A,success,,0,,0
TXN_0108,2026-08-27T10:48:00,14105,UPI,ROUTE_B,success,,0,,0
TXN_0109,2026-08-27T10:49:00,48331,CARD,ROUTE_B,success,,0,,0
TXN_0110,2026-08-27T10:50:00,41580,UPI,ROUTE_A,success,,0,,0
TXN_0111,2026-08-27T10:51:00,15492,UPI,ROUTE_B,success,,0,,0
TXN_0112,2026-08-27T10:52:00,1700,UPI,ROUTE_B,success,,0,,0
TXN_0113,2026-08-27T10:53:00,4872,NETBANKING,ROUTE_A,success,,0,,0
TXN_0114,2026-08-27T10:54:00,47177,NETBANKING,ROUTE_B,success,,0,,0
TXN_0115,2026-08-27T10:55:00,43095,UPI,ROUTE_B,success,,0,,0
TXN_0116,2026-08-27T10:56:00,7085,NETBANKING,ROUTE_B,success,,0,,0
TXN_0117,2026-08-27T10:57:00,45707,UPI,ROUTE_C,success,,0,,0
TXN_0118,2026-08-27T10:58:00,8053,UPI,ROUTE_B,success,,0,,0
TXN_0119,2026-08-27T10:59:00,36729,NETBANKING,ROUTE_B,success,,0,,0
TXN_0120,2026-08-27T11:00:00,40250,NETBANKING,ROUTE_B,success,,0,,0
TXN_0121,2026-08-27T11:01:00,36005,NETBANKING,ROUTE_C,success,,0,,0
TXN_0122,2026-08-27T11:02:00,29595,UPI,ROUTE_B,success,,0,,0
TXN_0123,2026-08-27T11:03:00,34263,UPI,ROUTE_A,success,,0,,0
TXN_0124,2026-08-27T11:04:00,46862,UPI,ROUTE_B,success,,0,,0
TXN_0125,2026-08-27T11:05:00,35499,UPI,ROUTE_A,success,,0,,0
TXN_0126,2026-08-27T11:06:00,10114,UPI,ROUTE_A,success,,0,,0
TXN_0127,2026-08-27T11:07:00,35660,UPI,ROUTE_B,success,,0,,0
TXN_0128,2026-08-27T11:08:00,25624,UPI,ROUTE_B,success,,0,,0
TXN_0129,2026-08-27T11:09:00,37828,CARD,ROUTE_C,success,,0,,0
TXN_0130,2026-08-27T11:10:00,49479,UPI,ROUTE_A,success,,0,,0
TXN_0131,2026-08-27T11:11:00,35372,NETBANKING,ROUTE_A,success,,0,,0
TXN_0132,2026-08-27T11:12:00,14553,CARD,ROUTE_B,success,,0,,0
TXN_0133,2026-08-27T11:13:00,25584,UPI,ROUTE_B,success,,0,,0
TXN_0134,2026-08-27T11:14:00,10916,CARD,ROUTE_A,success,,0,,0
TXN_0135,2026-08-27T11:15:00,35104,NETBANKING,ROUTE_C,success,,0,,0
TXN_0136,2026-08-27T11:16:00,1876,UPI,ROUTE_A,success,,0,,0
TXN_0137,2026-08-27T11:17:00,12009,UPI,ROUTE_A,success,,0,,0
TXN_0138,2026-08-27T11:18:00,21520,UPI,ROUTE_A,success,,0,,0
TXN_0139,2026-08-27T11:19:00,27727,NETBANKING,ROUTE_A,success,,0,,0
TXN_0140,2026-08-27T11:20:00,35451,UPI,ROUTE_A,failed,bank_technical_error,1,RETRY,0
TXN_0141,2026-08-27T11:21:00,42813,UPI,ROUTE_C,success,,0,,0
TXN_0142,2026-08-27T11:22:00,1435,UPI,ROUTE_A,success,,0,,0
TXN_0143,2026-08-27T11:23:00,7596,UPI,ROUTE_B,success,,0,,0
TXN_0144,2026-08-27T11:24:00,24275,UPI,ROUTE_B,success,,0,,0
TXN_0145,2026-08-27T11:25:00,7606,CARD,ROUTE_A,success,,0,,0
TXN_0146,2026-08-27T11:26:00,38024,UPI,ROUTE_C,success,,0,,0
TXN_0147,2026-08-27T11:27:00,24696,UPI,ROUTE_A,success,,0,,0
TXN_0148,2026-08-27T11:28:00,45360,CARD,ROUTE_A,success,,0,,0
TXN_0149,2026-08-27T11:29:00,19864,UPI,ROUTE_C,success,,0,,0
TXN_0150,2026-08-27T11:30:00,37188,CARD,ROUTE_C,success,,0,,0
TXN_0151,2026-08-27T11:31:00,24385,UPI,ROUTE_C,success,,0,,0
TXN_0152,2026-08-27T11:32:00,27628,CARD,ROUTE_A,failed,network_timeout,1,RETRY,0
TXN_0153,2026-08-27T11:33:00,30229,NETBANKING,ROUTE_A,success,,0,,0
TXN_0154,2026-08-27T11:34:00,42728,UPI,ROUTE_B,success,,0,,0
TXN_0155,2026-08-27T11:35:00,31786,NETBANKING,ROUTE_A,success,,0,,0
TXN_0156,2026-08-27T11:36:00,21222,NETBANKING,ROUTE_B,success,,0,,0
TXN_0157,2026-08-27T11:37:00,29643,NETBANKING,ROUTE_C,success,,0,,0
TXN_0158,2026-08-27T11:38:00,24937,UPI,ROUTE_A,success,,0,,0
TXN_0159,2026-08-27T11:39:00,32052,UPI,ROUTE_A,success,,0,,0
TXN_0160,2026-08-27T11:40:00,39169,CARD,ROUTE_A,success,,0,,0
TXN_0161,2026-08-27T11:41:00,12621,UPI,ROUTE_B,failed,bank_technical_error,1,RETRY,0
TXN_0162,2026-08-27T11:42:00,45359,UPI,ROUTE_B,success,,0,,0
TXN_0163,2026-08-27T11:43:00,1230,CARD,ROUTE_B,success,,0,,0
TXN_0164,2026-08-27T11:44:00,20167,UPI,ROUTE_A,success,,0,,0
TXN_0165,2026-08-27T11:45:00,22628,UPI,ROUTE_B,success,,0,,0
TXN_0166,2026-08-27T11:46:00,46162,CARD,ROUTE_B,success,,0,,0
TXN_0167,2026-08-27T11:47:00,47370,UPI,ROUTE_B,success,,0,,0
TXN_0168,2026-08-27T11:48:00,45330,UPI,ROUTE_A,success,,0,,0
TXN_0169,2026-08-27T11:49:00,47586,UPI,ROUTE_A,success,,0,,0
TXN_0170,2026-08-27T11:50:00,6688,CARD,ROUTE_B,success,,0,,0
TXN_0171,2026-08-27T11:51:00,19909,UPI,ROUTE_C,success,,0,,0
TXN_0172,2026-08-27T11:52:00,3673,CARD,ROUTE_A,success,,0,,0
TXN_0173,2026-08-27T11:53:00,49434,CARD,ROUTE_B,success,,0,,0
TXN_0174,2026-08-27T11:54:00,30862,NETBANKING,ROUTE_B,success,,0,,0
TXN_0175,2026-08-27T11:55:00,16646,UPI,ROUTE_B,success,,0,,0
TXN_0176,2026-08-27T11:56:00,26360,UPI,ROUTE_C,success,,0,,0
TXN_0177,2026-08-27T11:57:00,10043,CARD,ROUTE_B,success,,0,,0
TXN_0178,2026-08-27T11:58:00,16365,CARD,ROUTE_A,success,,0,,0
TXN_0179,2026-08-27T11:59:00,40628,CARD,ROUTE_A,success,,0,,0
TXN_0180,2026-08-27T12:00:00,29114,CARD,ROUTE_A,success,,0,,0
TXN_0181,2026-08-27T12:01:00,37365,CARD,ROUTE_A,success,,0,,0
TXN_0182,2026-08-27T12:02:00,13717,CARD,ROUTE_B,success,,0,,0
TXN_0183,2026-08-27T12:03:00,15819,UPI,ROUTE_B,success,,0,,0
TXN_0184,2026-08-27T12:04:00,29624,UPI,ROUTE_A,failed,issuer_declined,0,ESCALATE,0
TXN_0185,2026-08-27T12:05:00,18628,UPI,ROUTE_B,success,,0,,0
TXN_0186,2026-08-27T12:06:00,17437,UPI,ROUTE_B,success,,0,,0
TXN_0187,2026-08-27T12:07:00,13064,CARD,ROUTE_C,success,,0,,0
TXN_0188,2026-08-27T12:08:00,17508,CARD,ROUTE_B,success,,0,,0
TXN_0189,2026-08-27T12:09:00,20259,UPI,ROUTE_C,success,,0,,0
TXN_0190,2026-08-27T12:10:00,28880,NETBANKING,ROUTE_B,success,,0,,0
TXN_0191,2026-08-27T12:11:00,17941,CARD,ROUTE_A,success,,0,,0
TXN_0192,2026-08-27T12:12:00,2712,UPI,ROUTE_B,success,,0,,0
TXN_0193,2026-08-27T12:13:00,1795,CARD,ROUTE_C,success,,0,,0
TXN_0194,2026-08-27T12:14:00,37796,NETBANKING,ROUTE_A,success,,0,,0
TXN_0195,2026-08-27T12:15:00,17762,UPI,ROUTE_B,success,,0,,0
TXN_0196,2026-08-27T12:16:00,34110,CARD,ROUTE_B,success,,0,,0
TXN_0197,2026-08-27T12:17:00,38460,NETBANKING,ROUTE_B,success,,0,,0
TXN_0198,2026-08-27T12:18:00,30902,NETBANKING,ROUTE_B,success,,0,,0
TXN_0199,2026-08-27T12:19:00,10639,UPI,ROUTE_A,success,,0,,0
TXN_0200,2026-08-27T12:20:00,26344,CARD,ROUTE_A,success,,0,,0
TXN_0201,2026-08-27T12:21:00,20712,CARD,ROUTE_C,success,,0,,0
TXN_0202,2026-08-27T12:22:00,33824,UPI,ROUTE_A,success,,0,,0
TXN_0203,2026-08-27T12:23:00,30376,UPI,ROUTE_C,success,,0,,0
TXN_0204,2026-08-27T12:24:00,49674,UPI,ROUTE_B,success,,0,,0
TXN_0205,2026-08-27T12:25:00,17601,UPI,ROUTE_B,success,,0,,0
TXN_0206,2026-08-27T12:26:00,45860,NETBANKING,ROUTE_B,success,,0,,0
TXN_0207,2026-08-27T12:27:00,15782,UPI,ROUTE_B,success,,0,,0
TXN_0208,2026-08-27T12:28:00,26838,UPI,ROUTE_B,failed,bank_technical_error,1,RETRY,0
TXN_0209,2026-08-27T12:29:00,7798,NETBANKING,ROUTE_C,success,,0,,0
TXN_0210,2026-08-27T12:30:00,19227,UPI,ROUTE_B,success,,0,,0
TXN_0211,2026-08-27T12:31:00,31047,UPI,ROUTE_B,success,,0,,0
TXN_0212,2026-08-27T12:32:00,39380,CARD,ROUTE_A,success,,0,,0
TXN_0213,2026-08-27T12:33:00,18204,NETBANKING,ROUTE_B,success,,0,,0
TXN_0214,2026-08-27T12:34:00,33375,NETBANKING,ROUTE_C,success,,0,,0
TXN_0215,2026-08-27T12:35:00,38565,UPI,ROUTE_A,success,,0,,0
TXN_0216,2026-08-27T12:36:00,29364,CARD,ROUTE_B,success,,0,,0
TXN_0217,2026-08-27T12:37:00,35714,UPI,ROUTE_B,success,,0,,0
TXN_0218,2026-08-27T12:38:00,45811,NETBANKING,ROUTE_A,success,,0,,0
TXN_0219,2026-08-27T12:39:00,27020,UPI,ROUTE_A,success,,0,,0
TXN_0220,2026-08-27T12:40:00,25084,CARD,ROUTE_A,success,,0,,0
TXN_0221,2026-08-27T12:41:00,10068,CARD,ROUTE_A,success,,0,,0
TXN_0222,2026-08-27T12:42:00,38778,UPI,ROUTE_B,success,,0,,0
TXN_0223,2026-08-27T12:43:00,6634,UPI,ROUTE_A,success,,0,,0
TXN_0224,2026-08-27T12:44:00,26968,UPI,ROUTE_B,success,,0,,0
TXN_0225,2026-08-27T12:45:00,17468,NETBANKING,ROUTE_C,success,,0,,0
TXN_0226,2026-08-27T12:46:00,21632,CARD,ROUTE_A,success,,0,,0
TXN_0227,2026-08-27T12:47:00,20852,NETBANKING,ROUTE_C,success,,0,,0
TXN_0228,2026-08-27T12:48:00,35556,NETBANKING,ROUTE_B,success,,0,,0
TXN_0229,2026-08-27T12:49:00,18933,UPI,ROUTE_A,success,,0,,0
TXN_0230,2026-08-27T12:50:00,6551,CARD,ROUTE_C,success,,0,,0
TXN_0231,2026-08-27T12:51:00,11002,CARD,ROUTE_C,success,,0,,0
TXN_0232,2026-08-27T12:52:00,3777,NETBANKING,ROUTE_B,failed,insufficient_funds,1,PAYMENT_LINK,0
TXN_0233,2026-08-27T12:53:00,37188,UPI,ROUTE_A,success,,0,,0
TXN_0234,2026-08-27T12:54:00,40043,UPI,ROUTE_B,success,,0,,0
TXN_0235,2026-08-27T12:55:00,38317,CARD,ROUTE_C,success,,0,,0
TXN_0236,2026-08-27T12:56:00,16833,UPI,ROUTE_A,success,,0,,0
TXN_0237,2026-08-27T12:57:00,18950,NETBANKING,ROUTE_B,success,,0,,0
TXN_0238,2026-08-27T12:58:00,22746,UPI,ROUTE_B,success,,0,,0
TXN_0239,2026-08-27T12:59:00,45340,UPI,ROUTE_C,success,,0,,0
TXN_0240,2026-08-27T13:00:00,25311,NETBANKING,ROUTE_A,success,,0,,0
TXN_0241,2026-08-27T13:01:00,23624,UPI,ROUTE_C,success,,0,,0
TXN_0242,2026-08-27T13:02:00,43237,NETBANKING,ROUTE_B,success,,0,,0
TXN_0243,2026-08-27T13:03:00,48902,UPI,ROUTE_A,success,,0,,0
TXN_0244,2026-08-27T13:04:00,18856,NETBANKING,ROUTE_C,success,,0,,0
TXN_0245,2026-08-27T13:05:00,14452,UPI,ROUTE_C,success,,0,,0
TXN_0246,2026-08-27T13:06:00,47346,CARD,ROUTE_B,success,,0,,0
TXN_0247,2026-08-27T13:07:00,6467,CARD,ROUTE_C,success,,0,,0
TXN_0248,2026-08-27T13:08:00,28989,CARD,ROUTE_C,success,,0,,0
TXN_0249,2026-08-27T13:09:00,19440,UPI,ROUTE_A,success,,0,,0
TXN_0250,2026-08-27T13:10:00,35450,UPI,ROUTE_A,success,,0,,0
TXN_0251,2026-08-27T13:11:00,17960,UPI,ROUTE_C,success,,0,,0
TXN_0252,2026-08-27T13:12:00,31678,UPI,ROUTE_C,success,,0,,0
TXN_0253,2026-08-27T13:13:00,7647,UPI,ROUTE_C,success,,0,,0
TXN_0254,2026-08-27T13:14:00,14885,UPI,ROUTE_B,success,,0,,0
TXN_0255,2026-08-27T13:15:00,36624,CARD,ROUTE_C,success,,0,,0
TXN_0256,2026-08-27T13:16:00,35264,CARD,ROUTE_A,failed,bank_technical_error,1,RETRY,0
TXN_0257,2026-08-27T13:17:00,25070,CARD,ROUTE_A,success,,0,,0
TXN_0258,2026-08-27T13:18:00,15423,NETBANKING,ROUTE_C,success,,0,,0
TXN_0259,2026-08-27T13:19:00,21596,CARD,ROUTE_B,success,,0,,0
TXN_0260,2026-08-27T13:20:00,30526,UPI,ROUTE_C,success,,0,,0
TXN_0261,2026-08-27T13:21:00,9260,UPI,ROUTE_C,success,,0,,0
TXN_0262,2026-08-27T13:22:00,7710,UPI,ROUTE_A,success,,0,,0
TXN_0263,2026-08-27T13:23:00,29829,NETBANKING,ROUTE_A,success,,0,,0
TXN_0264,2026-08-27T13:24:00,35502,NETBANKING,ROUTE_A,success,,0,,0
TXN_0265,2026-08-27T13:25:00,27289,CARD,ROUTE_B,success,,0,,0
TXN_0266,2026-08-27T13:26:00,18433,NETBANKING,ROUTE_B,success,,0,,0
TXN_0267,2026-08-27T13:27:00,15573,UPI,ROUTE_A,success,,0,,0
TXN_0268,2026-08-27T13:28:00,35782,UPI,ROUTE_C,success,,0,,0
TXN_0269,2026-08-27T13:29:00,18180,CARD,ROUTE_C,success,,0,,0
TXN_0270,2026-08-27T13:30:00,29900,UPI,ROUTE_A,success,,0,,0
TXN_0271,2026-08-27T13:31:00,1499,UPI,ROUTE_A,success,,0,,0
TXN_0272,2026-08-27T13:32:00,37100,UPI,ROUTE_A,success,,0,,0
TXN_0273,2026-08-27T13:33:00,38529,NETBANKING,ROUTE_A,success,,0,,0
TXN_0274,2026-08-27T13:34:00,9770,NETBANKING,ROUTE_A,success,,0,,0
TXN_0275,2026-08-27T13:35:00,9582,CARD,ROUTE_C,success,,0,,0
TXN_0276,2026-08-27T13:36:00,7304,CARD,ROUTE_C,success,,0,,0
TXN_0277,2026-08-27T13:37:00,15693,UPI,ROUTE_B,failed,issuer_declined,0,ESCALATE,0
TXN_0278,2026-08-27T13:38:00,27688,UPI,ROUTE_A,success,,0,,0
TXN_0279,2026-08-27T13:39:00,23826,CARD,ROUTE_B,success,,0,,0
TXN_0280,2026-08-27T13:40:00,40411,UPI,ROUTE_B,success,,0,,0
TXN_0281,2026-08-27T13:41:00,43281,UPI,ROUTE_B,success,,0,,0
TXN_0282,2026-08-27T13:42:00,2141,UPI,ROUTE_B,failed,bank_technical_error,1,RETRY,0
TXN_0283,2026-08-27T13:43:00,45064,UPI,ROUTE_B,failed,bank_technical_error,1,RETRY,0
TXN_0284,2026-08-27T13:44:00,5394,UPI,ROUTE_B,failed,bank_technical_error,1,RETRY,0
TXN_0285,2026-08-27T13:45:00,41015,UPI,ROUTE_B,failed,network_timeout,1,RETRY,0
TXN_0286,2026-08-27T13:46:00,39250,UPI,ROUTE_B,failed,bank_technical_error,1,RETRY,0
TXN_0287,2026-08-27T13:47:00,6599,UPI,ROUTE_B,failed,network_timeout,1,RETRY,0
TXN_0288,2026-08-27T13:48:00,36232,UPI,ROUTE_B,success,,0,,0
TXN_0289,2026-08-27T13:49:00,15074,CARD,ROUTE_A,success,,0,,0
TXN_0290,2026-08-27T13:50:00,26231,UPI,ROUTE_B,success,,0,,0
TXN_0291,2026-08-27T13:51:00,28068,UPI,ROUTE_B,failed,bank_technical_error,1,RETRY,0
TXN_0292,2026-08-27T13:52:00,45111,UPI,ROUTE_B,success,,0,,0
TXN_0293,2026-08-27T13:53:00,6209,UPI,ROUTE_A,success,,0,,0
TXN_0294,2026-08-27T13:54:00,24521,UPI,ROUTE_B,success,,0,,0
TXN_0295,2026-08-27T13:55:00,36910,NETBANKING,ROUTE_A,success,,0,,0
TXN_0296,2026-08-27T13:56:00,23273,UPI,ROUTE_B,failed,issuer_declined,0,ESCALATE,0
TXN_0297,2026-08-27T13:57:00,18950,NETBANKING,ROUTE_C,success,,0,,0
TXN_0298,2026-08-27T13:58:00,37974,UPI,ROUTE_B,failed,bank_technical_error,1,RETRY,0
TXN_0299,2026-08-27T13:59:00,7192,UPI,ROUTE_B,failed,bank_technical_error,1,RETRY,0
TXN_0300,2026-08-27T14:00:00,18356,UPI,ROUTE_B,failed,bank_technical_error,1,RETRY,0
TXN_0301,2026-08-27T14:01:00,45547,NETBANKING,ROUTE_A,success,,0,,0
TXN_0302,2026-08-27T14:02:00,46152,UPI,ROUTE_B,failed,network_timeout,1,RETRY,0
TXN_0303,2026-08-27T14:03:00,9488,UPI,ROUTE_C,success,,0,,0
TXN_0304,2026-08-27T14:04:00,9397,UPI,ROUTE_B,failed,network_timeout,1,RETRY,0
TXN_0305,2026-08-27T14:05:00,24754,NETBANKING,ROUTE_A,success,,0,,0
TXN_0306,2026-08-27T14:06:00,24351,UPI,ROUTE_B,failed,bank_technical_error,1,RETRY,0
TXN_0307,2026-08-27T14:07:00,39174,UPI,ROUTE_B,success,,0,,0
TXN_0308,2026-08-27T14:08:00,10416,UPI,ROUTE_B,failed,network_timeout,1,RETRY,0
TXN_0309,2026-08-27T14:09:00,29139,UPI,ROUTE_B,failed,network_timeout,1,RETRY,0
TXN_0310,2026-08-27T14:10:00,18002,UPI,ROUTE_B,failed,bank_technical_error,1,RETRY,0
TXN_0311,2026-08-27T14:11:00,7367,UPI,ROUTE_B,failed,bank_technical_error,1,RETRY,0
TXN_0312,2026-08-27T14:12:00,43821,UPI,ROUTE_B,failed,bank_technical_error,1,RETRY,0
TXN_0313,2026-08-27T14:13:00,3690,UPI,ROUTE_B,success,,0,,0
TXN_0314,2026-08-27T14:14:00,13943,UPI,ROUTE_B,failed,network_timeout,1,RETRY,0
TXN_0315,2026-08-27T14:15:00,32696,CARD,ROUTE_C,success,,0,,0
TXN_0316,2026-08-27T14:16:00,46215,UPI,ROUTE_A,success,,0,,0
TXN_0317,2026-08-27T14:17:00,43881,UPI,ROUTE_B,failed,network_timeout,1,RETRY,0
TXN_0318,2026-08-27T14:18:00,2872,UPI,ROUTE_B,success,,0,,0
TXN_0319,2026-08-27T14:19:00,5202,UPI,ROUTE_B,failed,issuer_declined,0,ESCALATE,0
TXN_0320,2026-08-27T14:20:00,46597,UPI,ROUTE_B,failed,network_timeout,1,RETRY,0
TXN_0321,2026-08-27T14:21:00,21384,UPI,ROUTE_B,failed,bank_technical_error,1,RETRY,0
TXN_0322,2026-08-27T14:22:00,5875,NETBANKING,ROUTE_C,success,,0,,0
TXN_0323,2026-08-27T14:23:00,28652,UPI,ROUTE_B,failed,bank_technical_error,1,RETRY,0
TXN_0324,2026-08-27T14:24:00,20434,UPI,ROUTE_B,failed,network_timeout,1,RETRY,0
TXN_0325,2026-08-27T14:25:00,5105,UPI,ROUTE_B,success,,0,,0
TXN_0326,2026-08-27T14:26:00,33520,UPI,ROUTE_B,failed,bank_technical_error,1,RETRY,0
TXN_0327,2026-08-27T14:27:00,42399,NETBANKING,ROUTE_C,success,,0,,0
TXN_0328,2026-08-27T14:28:00,13028,UPI,ROUTE_A,success,,0,,0
TXN_0329,2026-08-27T14:29:00,49851,UPI,ROUTE_B,failed,network_timeout,1,RETRY,0
TXN_0330,2026-08-27T14:30:00,32482,UPI,ROUTE_B,success,,0,,0
TXN_0331,2026-08-27T14:31:00,38076,UPI,ROUTE_B,failed,bank_technical_error,1,RETRY,0
TXN_0332,2026-08-27T14:32:00,28920,NETBANKING,ROUTE_C,success,,0,,0
TXN_0333,2026-08-27T14:33:00,19945,UPI,ROUTE_B,failed,network_timeout,1,RETRY,0
TXN_0334,2026-08-27T14:34:00,4962,UPI,ROUTE_B,failed,bank_technical_error,1,RETRY,0
TXN_0335,2026-08-27T14:35:00,18913,UPI,ROUTE_B,failed,bank_technical_error,1,RETRY,0
TXN_0336,2026-08-27T14:36:00,25297,NETBANKING,ROUTE_A,success,,0,,0
TXN_0337,2026-08-27T14:37:00,48525,UPI,ROUTE_B,failed,issuer_declined,1,ESCALATE,0
TXN_0338,2026-08-27T14:38:00,42818,UPI,ROUTE_B,success,,0,,0
TXN_0339,2026-08-27T14:39:00,32957,UPI,ROUTE_B,failed,bank_technical_error,1,RETRY,0
TXN_0340,2026-08-27T14:40:00,22607,UPI,ROUTE_B,failed,issuer_declined,0,ESCALATE,0
TXN_0341,2026-08-27T14:41:00,2665,UPI,ROUTE_B,failed,bank_technical_error,1,RETRY,0
TXN_0342,2026-08-27T14:42:00,34358,UPI,ROUTE_B,failed,network_timeout,1,RETRY,0
TXN_0343,2026-08-27T14:43:00,25489,UPI,ROUTE_B,success,,0,,0
TXN_0344,2026-08-27T14:44:00,39283,UPI,ROUTE_B,failed,bank_technical_error,1,RETRY,0
TXN_0345,2026-08-27T14:45:00,21706,UPI,ROUTE_B,failed,bank_technical_error,1,RETRY,0
TXN_0346,2026-08-27T14:46:00,47530,UPI,ROUTE_B,failed,issuer_declined,1,ESCALATE,0
TXN_0347,2026-08-27T14:47:00,43590,CARD,ROUTE_A,success,,0,,0
TXN_0348,2026-08-27T14:48:00,43095,UPI,ROUTE_B,failed,network_timeout,1,RETRY,0
TXN_0349,2026-08-27T14:49:00,5652,UPI,ROUTE_B,failed,bank_technical_error,1,RETRY,0
TXN_0350,2026-08-27T14:50:00,8475,UPI,ROUTE_B,success,,0,,0
TXN_0351,2026-08-27T14:51:00,48516,UPI,ROUTE_B,success,,0,,0
TXN_0352,2026-08-27T14:52:00,33424,NETBANKING,ROUTE_A,success,,0,,0
TXN_0353,2026-08-27T14:53:00,11913,UPI,ROUTE_B,failed,issuer_declined,0,ESCALATE,0
TXN_0354,2026-08-27T14:54:00,12683,UPI,ROUTE_B,success,,0,,0
TXN_0355,2026-08-27T14:55:00,5157,UPI,ROUTE_B,failed,bank_technical_error,1,RETRY,0
TXN_0356,2026-08-27T14:56:00,40603,NETBANKING,ROUTE_A,success,,0,,0
TXN_0357,2026-08-27T14:57:00,10733,UPI,ROUTE_B,failed,bank_technical_error,1,RETRY,0
TXN_0358,2026-08-27T14:58:00,10948,UPI,ROUTE_B,failed,network_timeout,1,RETRY,0
TXN_0359,2026-08-27T14:59:00,47258,UPI,ROUTE_B,failed,bank_technical_error,1,RETRY,0
TXN_0360,2026-08-27T15:00:00,49156,UPI,ROUTE_B,failed,network_timeout,1,RETRY,0
TXN_0361,2026-08-27T15:01:00,30837,UPI,ROUTE_A,success,,0,,0
TXN_0362,2026-08-27T15:02:00,37483,UPI,ROUTE_C,success,,0,,0
TXN_0363,2026-08-27T15:03:00,25126,UPI,ROUTE_C,success,,0,,0
TXN_0364,2026-08-27T15:04:00,13187,UPI,ROUTE_B,success,,0,,0
TXN_0365,2026-08-27T15:05:00,42120,UPI,ROUTE_C,success,,0,,0
TXN_0366,2026-08-27T15:06:00,46722,UPI,ROUTE_B,success,,0,,0
TXN_0367,2026-08-27T15:07:00,10606,NETBANKING,ROUTE_C,success,,0,,0
TXN_0368,2026-08-27T15:08:00,28770,NETBANKING,ROUTE_A,success,,0,,0
TXN_0369,2026-08-27T15:09:00,23010,NETBANKING,ROUTE_A,success,,0,,0
TXN_0370,2026-08-27T15:10:00,24607,UPI,ROUTE_C,success,,0,,0
TXN_0371,2026-08-27T15:11:00,1947,NETBANKING,ROUTE_A,success,,0,,0
TXN_0372,2026-08-27T15:12:00,22073,UPI,ROUTE_A,success,,0,,0
TXN_0373,2026-08-27T15:13:00,31062,UPI,ROUTE_C,success,,0,,0
TXN_0374,2026-08-27T15:14:00,29499,UPI,ROUTE_B,success,,0,,0
TXN_0375,2026-08-27T15:15:00,14233,NETBANKING,ROUTE_B,failed,network_timeout,1,RETRY,0
TXN_0376,2026-08-27T15:16:00,7386,CARD,ROUTE_B,success,,0,,0
TXN_0377,2026-08-27T15:17:00,15726,UPI,ROUTE_C,success,,0,,0
TXN_0378,2026-08-27T15:18:00,7365,CARD,ROUTE_B,success,,0,,0
TXN_0379,2026-08-27T15:19:00,41515,UPI,ROUTE_C,success,,0,,0
TXN_0380,2026-08-27T15:20:00,28230,UPI,ROUTE_B,success,,0,,0
TXN_0381,2026-08-27T15:21:00,12375,UPI,ROUTE_A,success,,0,,0
TXN_0382,2026-08-27T15:22:00,4535,UPI,ROUTE_B,success,,0,,0
TXN_0383,2026-08-27T15:23:00,33367,CARD,ROUTE_C,success,,0,,0
TXN_0384,2026-08-27T15:24:00,41759,UPI,ROUTE_B,success,,0,,0
TXN_0385,2026-08-27T15:25:00,23502,UPI,ROUTE_A,success,,0,,0
TXN_0386,2026-08-27T15:26:00,41273,UPI,ROUTE_C,success,,0,,0
TXN_0387,2026-08-27T15:27:00,8843,CARD,ROUTE_A,success,,0,,0
TXN_0388,2026-08-27T15:28:00,11574,CARD,ROUTE_A,success,,0,,0
TXN_0389,2026-08-27T15:29:00,31461,CARD,ROUTE_C,success,,0,,0
TXN_0390,2026-08-27T15:30:00,30094,NETBANKING,ROUTE_B,success,,0,,0
TXN_0391,2026-08-27T15:31:00,2846,UPI,ROUTE_A,success,,0,,0
TXN_0392,2026-08-27T15:32:00,35688,UPI,ROUTE_A,success,,0,,0
TXN_0393,2026-08-27T15:33:00,18850,UPI,ROUTE_B,success,,0,,0
TXN_0394,2026-08-27T15:34:00,21853,CARD,ROUTE_A,success,,0,,0
TXN_0395,2026-08-27T15:35:00,26315,CARD,ROUTE_A,success,,0,,0
TXN_0396,2026-08-27T15:36:00,12343,NETBANKING,ROUTE_B,success,,0,,0
TXN_0397,2026-08-27T15:37:00,34131,UPI,ROUTE_B,success,,0,,0
TXN_0398,2026-08-27T15:38:00,28320,UPI,ROUTE_A,success,,0,,0
TXN_0399,2026-08-27T15:39:00,21150,NETBANKING,ROUTE_B,success,,0,,0
TXN_0400,2026-08-27T15:40:00,29323,UPI,ROUTE_A,success,,0,,0
TXN_0401,2026-08-27T15:41:00,23138,UPI,ROUTE_B,success,,0,,0
TXN_0402,2026-08-27T15:42:00,40394,CARD,ROUTE_B,success,,0,,0
TXN_0403,2026-08-27T15:43:00,3859,UPI,ROUTE_C,success,,0,,0
TXN_0404,2026-08-27T15:44:00,49245,CARD,ROUTE_A,success,,0,,0
TXN_0405,2026-08-27T15:45:00,39917,NETBANKING,ROUTE_B,success,,0,,0
TXN_0406,2026-08-27T15:46:00,15566,UPI,ROUTE_B,success,,0,,0
TXN_0407,2026-08-27T15:47:00,37274,UPI,ROUTE_C,success,,0,,0
TXN_0408,2026-08-27T15:48:00,24411,UPI,ROUTE_A,success,,0,,0
TXN_0409,2026-08-27T15:49:00,34798,CARD,ROUTE_A,success,,0,,0
TXN_0410,2026-08-27T15:50:00,7534,UPI,ROUTE_A,success,,0,,0
TXN_0411,2026-08-27T15:51:00,36909,UPI,ROUTE_A,success,,0,,0
TXN_0412,2026-08-27T15:52:00,14162,CARD,ROUTE_A,success,,0,,0
TXN_0413,2026-08-27T15:53:00,32291,UPI,ROUTE_C,success,,0,,0
TXN_0414,2026-08-27T15:54:00,11415,UPI,ROUTE_A,success,,0,,0
TXN_0415,2026-08-27T15:55:00,44790,UPI,ROUTE_C,success,,0,,0
TXN_0416,2026-08-27T15:56:00,46600,NETBANKING,ROUTE_C,success,,0,,0
TXN_0417,2026-08-27T15:57:00,10422,CARD,ROUTE_A,success,,0,,0
TXN_0418,2026-08-27T15:58:00,23790,NETBANKING,ROUTE_B,success,,0,,0
TXN_0419,2026-08-27T15:59:00,9201,UPI,ROUTE_B,success,,0,,0
TXN_0420,2026-08-27T16:00:00,37604,UPI,ROUTE_A,success,,0,,0
TXN_0421,2026-08-27T16:01:00,40204,NETBANKING,ROUTE_A,success,,0,,0
TXN_0422,2026-08-27T16:02:00,47084,UPI,ROUTE_C,success,,0,,0
TXN_0423,2026-08-27T16:03:00,37776,CARD,ROUTE_B,success,,0,,0
TXN_0424,2026-08-27T16:04:00,29589,NETBANKING,ROUTE_A,success,,0,,0
TXN_0425,2026-08-27T16:05:00,36230,CARD,ROUTE_B,success,,0,,0
TXN_0426,2026-08-27T16:06:00,28452,UPI,ROUTE_B,success,,0,,0
TXN_0427,2026-08-27T16:07:00,34054,NETBANKING,ROUTE_B,success,,0,,0
TXN_0428,2026-08-27T16:08:00,46586,UPI,ROUTE_A,success,,0,,0
TXN_0429,2026-08-27T16:09:00,18715,NETBANKING,ROUTE_A,success,,0,,0
TXN_0430,2026-08-27T16:10:00,36199,UPI,ROUTE_C,success,,0,,0
TXN_0431,2026-08-27T16:11:00,6222,CARD,ROUTE_A,success,,0,,0
TXN_0432,2026-08-27T16:12:00,10205,UPI,ROUTE_B,success,,0,,0
TXN_0433,2026-08-27T16:13:00,22226,CARD,ROUTE_A,success,,0,,0
TXN_0434,2026-08-27T16:14:00,1959,CARD,ROUTE_C,success,,0,,0
TXN_0435,2026-08-27T16:15:00,17444,NETBANKING,ROUTE_A,success,,0,,0
TXN_0436,2026-08-27T16:16:00,41976,CARD,ROUTE_B,success,,0,,0
TXN_0437,2026-08-27T16:17:00,42168,NETBANKING,ROUTE_A,success,,0,,0
TXN_0438,2026-08-27T16:18:00,44991,UPI,ROUTE_C,success,,0,,0
TXN_0439,2026-08-27T16:19:00,10459,UPI,ROUTE_B,success,,0,,0
TXN_0440,2026-08-27T16:20:00,39858,UPI,ROUTE_B,success,,0,,0
TXN_0441,2026-08-27T16:21:00,22734,NETBANKING,ROUTE_A,success,,0,,0
TXN_0442,2026-08-27T16:22:00,36908,UPI,ROUTE_C,success,,0,,0
TXN_0443,2026-08-27T16:23:00,29564,UPI,ROUTE_A,success,,0,,0
TXN_0444,2026-08-27T16:24:00,25275,UPI,ROUTE_A,success,,0,,0
TXN_0445,2026-08-27T16:25:00,10566,UPI,ROUTE_C,success,,0,,0
TXN_0446,2026-08-27T16:26:00,12540,NETBANKING,ROUTE_C,success,,0,,0
TXN_0447,2026-08-27T16:27:00,32786,UPI,ROUTE_C,success,,0,,0
TXN_0448,2026-08-27T16:28:00,25871,UPI,ROUTE_C,success,,0,,0
TXN_0449,2026-08-27T16:29:00,23227,NETBANKING,ROUTE_B,success,,0,,0
TXN_0450,2026-08-27T16:30:00,42977,UPI,ROUTE_A,success,,0,,0
TXN_0451,2026-08-27T16:31:00,7144,UPI,ROUTE_B,failed,card_expired,1,PAYMENT_LINK,0
TXN_0452,2026-08-27T16:32:00,24082,CARD,ROUTE_C,success,,0,,0
TXN_0453,2026-08-27T16:33:00,23858,UPI,ROUTE_A,success,,0,,0
TXN_0454,2026-08-27T16:34:00,36135,UPI,ROUTE_B,success,,0,,0
TXN_0455,2026-08-27T16:35:00,7886,NETBANKING,ROUTE_A,success,,0,,0
TXN_0456,2026-08-27T16:36:00,22322,UPI,ROUTE_A,success,,0,,0
TXN_0457,2026-08-27T16:37:00,39583,UPI,ROUTE_B,success,,0,,0
TXN_0458,2026-08-27T16:38:00,9080,CARD,ROUTE_B,failed,mandate_cancelled,1,PAYMENT_LINK,0
TXN_0459,2026-08-27T16:39:00,33884,CARD,ROUTE_C,success,,0,,0
TXN_0460,2026-08-27T16:40:00,25852,NETBANKING,ROUTE_A,success,,0,,0
TXN_0461,2026-08-27T16:41:00,22144,CARD,ROUTE_C,success,,0,,0
TXN_0462,2026-08-27T16:42:00,36991,CARD,ROUTE_B,success,,0,,0
TXN_0463,2026-08-27T16:43:00,44258,NETBANKING,ROUTE_A,success,,0,,0
TXN_0464,2026-08-27T16:44:00,47634,UPI,ROUTE_A,success,,0,,0
TXN_0465,2026-08-27T16:45:00,17501,CARD,ROUTE_C,success,,0,,0
TXN_0466,2026-08-27T16:46:00,37955,CARD,ROUTE_C,success,,0,,0
TXN_0467,2026-08-27T16:47:00,34456,UPI,ROUTE_A,success,,0,,0
TXN_0468,2026-08-27T16:48:00,9784,CARD,ROUTE_B,success,,0,,0
TXN_0469,2026-08-27T16:49:00,46009,UPI,ROUTE_C,success,,0,,0
TXN_0470,2026-08-27T16:50:00,10024,UPI,ROUTE_A,success,,0,,0
TXN_0471,2026-08-27T16:51:00,40173,UPI,ROUTE_B,success,,0,,0
TXN_0472,2026-08-27T16:52:00,4181,NETBANKING,ROUTE_C,success,,0,,0
TXN_0473,2026-08-27T16:53:00,43499,CARD,ROUTE_B,success,,0,,0
TXN_0474,2026-08-27T16:54:00,30224,UPI,ROUTE_B,success,,0,,0
TXN_0475,2026-08-27T16:55:00,47346,UPI,ROUTE_C,success,,0,,0
TXN_0476,2026-08-27T16:56:00,31831,NETBANKING,ROUTE_B,success,,0,,0
TXN_0477,2026-08-27T16:57:00,14836,UPI,ROUTE_A,success,,0,,0
TXN_0478,2026-08-27T16:58:00,46296,NETBANKING,ROUTE_C,success,,0,,0
TXN_0479,2026-08-27T16:59:00,22959,CARD,ROUTE_A,success,,0,,0
TXN_0480,2026-08-27T17:00:00,18960,NETBANKING,ROUTE_B,success,,0,,0
TXN_0481,2026-08-27T17:01:00,25956,CARD,ROUTE_A,success,,0,,0
TXN_0482,2026-08-27T17:02:00,19135,NETBANKING,ROUTE_C,success,,0,,0
TXN_0483,2026-08-27T17:03:00,29091,NETBANKING,ROUTE_A,success,,0,,0
TXN_0484,2026-08-27T17:04:00,35396,CARD,ROUTE_B,success,,0,,0
TXN_0485,2026-08-27T17:05:00,7258,CARD,ROUTE_A,success,,0,,0
TXN_0486,2026-08-27T17:06:00,43998,CARD,ROUTE_B,success,,0,,0
TXN_0487,2026-08-27T17:07:00,6666,UPI,ROUTE_C,success,,0,,0
TXN_0488,2026-08-27T17:08:00,9109,CARD,ROUTE_B,success,,0,,0
TXN_0489,2026-08-27T17:09:00,26767,CARD,ROUTE_A,success,,0,,0
TXN_0490,2026-08-27T17:10:00,42733,NETBANKING,ROUTE_B,success,,0,,0
TXN_0491,2026-08-27T17:11:00,42429,NETBANKING,ROUTE_A,success,,0,,0
TXN_0492,2026-08-27T17:12:00,15318,CARD,ROUTE_A,success,,0,,0
TXN_0493,2026-08-27T17:13:00,11573,CARD,ROUTE_B,success,,0,,0
TXN_0494,2026-08-27T17:14:00,2481,NETBANKING,ROUTE_B,success,,0,,0
TXN_0495,2026-08-27T17:15:00,49186,UPI,ROUTE_C,success,,0,,0
TXN_0496,2026-08-27T17:16:00,707,NETBANKING,ROUTE_C,success,,0,,0
TXN_0497,2026-08-27T17:17:00,22057,CARD,ROUTE_A,success,,0,,0
TXN_0498,2026-08-27T17:18:00,32469,NETBANKING,ROUTE_A,success,,0,,0
TXN_0499,2026-08-27T17:19:00,17980,UPI,ROUTE_C,success,,0,,0
TXN_0500,2026-08-27T17:20:00,30175,UPI,ROUTE_A,success,,0,,0
